lat,lon,satelite,data
   6.478600, -57.883300,GOES-16,2023-11-11 16:00:00
   6.460000, -57.903600,GOES-16,2023-11-11 16:00:00
   6.460100, -57.884100,GOES-16,2023-11-11 16:00:00
   6.460300, -57.864600,GOES-16,2023-11-11 16:00:00
   6.441700, -57.884900,GOES-16,2023-11-11 16:00:00
   6.387000, -57.770200,GOES-16,2023-11-11 16:00:00
   6.387100, -57.750700,GOES-16,2023-11-11 16:00:00
   6.368600, -57.770900,GOES-16,2023-11-11 16:00:00
   6.072900, -57.899900,GOES-16,2023-11-11 16:00:00
   5.726500, -57.230300,GOES-16,2023-11-11 16:00:00
   5.632100, -57.683100,GOES-16,2023-11-11 16:00:00
  -1.263800, -49.104400,GOES-16,2023-11-11 16:00:00
 -11.534000, -66.548600,GOES-16,2023-11-11 16:00:00
 -11.534800, -66.398300,GOES-16,2023-11-11 16:00:00
 -11.534900, -66.379600,GOES-16,2023-11-11 16:00:00
 -11.535300, -66.304400,GOES-16,2023-11-11 16:00:00
 -11.553700, -66.378900,GOES-16,2023-11-11 16:00:00
 -11.554100, -66.303700,GOES-16,2023-11-11 16:00:00
 -11.704100, -66.316800,GOES-16,2023-11-11 16:00:00
 -11.852700, -66.612000,GOES-16,2023-11-11 16:00:00
 -12.022200, -66.530400,GOES-16,2023-11-11 16:00:00
 -12.040900, -66.548500,GOES-16,2023-11-11 16:00:00
 -12.041000, -66.529700,GOES-16,2023-11-11 16:00:00
 -12.059700, -66.547800,GOES-16,2023-11-11 16:00:00
 -12.059800, -66.529000,GOES-16,2023-11-11 16:00:00
 -12.078700, -66.528300,GOES-16,2023-11-11 16:00:00
 -12.210900, -66.429100,GOES-16,2023-11-11 16:00:00
 -12.211000, -66.410200,GOES-16,2023-11-11 16:00:00
 -12.249000, -66.352200,GOES-16,2023-11-11 16:00:00
 -12.267700, -66.370300,GOES-16,2023-11-11 16:00:00
 -12.286400, -66.388400,GOES-16,2023-11-11 16:00:00
 -12.305300, -66.387700,GOES-16,2023-11-11 16:00:00
 -12.305400, -66.368800,GOES-16,2023-11-11 16:00:00
 -12.324100, -66.386900,GOES-16,2023-11-11 16:00:00
 -12.324200, -66.368100,GOES-16,2023-11-11 16:00:00
 -12.325500, -66.141700,GOES-16,2023-11-11 16:00:00
 -12.325600, -66.122900,GOES-16,2023-11-11 16:00:00
 -12.342500, -66.461600,GOES-16,2023-11-11 16:00:00
 -12.344400, -66.141000,GOES-16,2023-11-11 16:00:00
 -12.344500, -66.122100,GOES-16,2023-11-11 16:00:00
 -12.361400, -66.460800,GOES-16,2023-11-11 16:00:00
 -12.494100, -66.323500,GOES-16,2023-11-11 16:00:00
 -12.513000, -66.303900,GOES-16,2023-11-11 16:00:00
 -12.607100, -66.337800,GOES-16,2023-11-11 16:00:00
 -12.607400, -66.300100,GOES-16,2023-11-11 16:00:00
 -13.204300, -62.337300,GOES-16,2023-11-11 16:00:00
 -13.204400, -62.317900,GOES-16,2023-11-11 16:00:00
 -13.204600, -62.298600,GOES-16,2023-11-11 16:00:00
 -13.223100, -62.355400,GOES-16,2023-11-11 16:00:00
 -13.223300, -62.336100,GOES-16,2023-11-11 16:00:00
 -13.223600, -62.297400,GOES-16,2023-11-11 16:00:00
 -13.223800, -62.278000,GOES-16,2023-11-11 16:00:00
 -13.242200, -62.334900,GOES-16,2023-11-11 16:00:00
 -13.242600, -62.296200,GOES-16,2023-11-11 16:00:00
 -13.242800, -62.276800,GOES-16,2023-11-11 16:00:00
 -13.261200, -62.333600,GOES-16,2023-11-11 16:00:00
 -13.261900, -62.256300,GOES-16,2023-11-11 16:00:00
 -13.262100, -62.236900,GOES-16,2023-11-11 16:00:00
 -13.280100, -62.351800,GOES-16,2023-11-11 16:00:00
 -13.280200, -62.332400,GOES-16,2023-11-11 16:00:00
 -13.280400, -62.313100,GOES-16,2023-11-11 16:00:00
 -13.280800, -62.274400,GOES-16,2023-11-11 16:00:00
 -13.280900, -62.255000,GOES-16,2023-11-11 16:00:00
 -13.281100, -62.235700,GOES-16,2023-11-11 16:00:00
 -13.298400, -62.427900,GOES-16,2023-11-11 16:00:00
 -13.299100, -62.350600,GOES-16,2023-11-11 16:00:00
 -13.299200, -62.331200,GOES-16,2023-11-11 16:00:00
 -13.299400, -62.311900,GOES-16,2023-11-11 16:00:00
 -13.299900, -62.253800,GOES-16,2023-11-11 16:00:00
 -13.300100, -62.234500,GOES-16,2023-11-11 16:00:00
 -13.300300, -62.215100,GOES-16,2023-11-11 16:00:00
 -13.318100, -62.349400,GOES-16,2023-11-11 16:00:00
 -13.318200, -62.330000,GOES-16,2023-11-11 16:00:00
 -13.318400, -62.310700,GOES-16,2023-11-11 16:00:00
 -13.318900, -62.252600,GOES-16,2023-11-11 16:00:00
 -13.319100, -62.233300,GOES-16,2023-11-11 16:00:00
 -13.319300, -62.213900,GOES-16,2023-11-11 16:00:00
 -13.337100, -62.348100,GOES-16,2023-11-11 16:00:00
 -13.337200, -62.328800,GOES-16,2023-11-11 16:00:00
 -13.337900, -62.251400,GOES-16,2023-11-11 16:00:00
 -13.356200, -62.327600,GOES-16,2023-11-11 16:00:00
 -13.356900, -62.250200,GOES-16,2023-11-11 16:00:00
 -13.375200, -62.326400,GOES-16,2023-11-11 16:00:00
 -13.394400, -62.305800,GOES-16,2023-11-11 16:00:00
 -13.434900, -62.032100,GOES-16,2023-11-11 16:00:00
 -13.454100, -62.011400,GOES-16,2023-11-11 16:00:00
 -13.473200, -62.010200,GOES-16,2023-11-11 16:00:00
 -13.534700, -61.539900,GOES-16,2023-11-11 16:00:00
 -13.637000, -62.812200,GOES-16,2023-11-11 16:00:00
 -13.655900, -62.830300,GOES-16,2023-11-11 16:00:00
 -13.656100, -62.811000,GOES-16,2023-11-11 16:00:00
 -13.675100, -62.809800,GOES-16,2023-11-11 16:00:00
 -13.693800, -62.847200,GOES-16,2023-11-11 16:00:00
 -13.694700, -62.750600,GOES-16,2023-11-11 16:00:00
 -13.694800, -62.731300,GOES-16,2023-11-11 16:00:00
 -13.706500, -61.489000,GOES-16,2023-11-11 16:00:00
 -13.706700, -61.469500,GOES-16,2023-11-11 16:00:00
 -13.707300, -61.411000,GOES-16,2023-11-11 16:00:00
 -13.712700, -62.865400,GOES-16,2023-11-11 16:00:00
 -13.713900, -62.730100,GOES-16,2023-11-11 16:00:00
 -13.724500, -61.604500,GOES-16,2023-11-11 16:00:00
 -13.725400, -61.507100,GOES-16,2023-11-11 16:00:00
 -13.725600, -61.487600,GOES-16,2023-11-11 16:00:00
 -13.726400, -61.409700,GOES-16,2023-11-11 16:00:00
 -13.732100, -62.825500,GOES-16,2023-11-11 16:00:00
 -13.743500, -61.603200,GOES-16,2023-11-11 16:00:00
 -13.744500, -61.505800,GOES-16,2023-11-11 16:00:00
 -13.744700, -61.486300,GOES-16,2023-11-11 16:00:00
 -13.744900, -61.466800,GOES-16,2023-11-11 16:00:00
 -13.762600, -61.601900,GOES-16,2023-11-11 16:00:00
 -13.762800, -61.582400,GOES-16,2023-11-11 16:00:00
 -13.763700, -61.485000,GOES-16,2023-11-11 16:00:00
 -13.770500, -62.784400,GOES-16,2023-11-11 16:00:00
 -13.788900, -62.860600,GOES-16,2023-11-11 16:00:00
 -13.789400, -62.802600,GOES-16,2023-11-11 16:00:00
 -13.789600, -62.783200,GOES-16,2023-11-11 16:00:00
 -13.808600, -62.782000,GOES-16,2023-11-11 16:00:00
 -13.809000, -62.743300,GOES-16,2023-11-11 16:00:00
 -13.815400, -62.045400,GOES-16,2023-11-11 16:00:00
 -13.834300, -62.063500,GOES-16,2023-11-11 16:00:00
 -13.834500, -62.044100,GOES-16,2023-11-11 16:00:00
 -13.866500, -62.701000,GOES-16,2023-11-11 16:00:00
 -13.926900, -60.455900,GOES-16,2023-11-11 16:00:00
 -13.946100, -60.454400,GOES-16,2023-11-11 16:00:00
 -14.172000, -67.806100,GOES-16,2023-11-11 16:00:00
 -14.207000, -65.333600,GOES-16,2023-11-11 16:00:00
 -14.225600, -65.390000,GOES-16,2023-11-11 16:00:00
 -14.225800, -65.370900,GOES-16,2023-11-11 16:00:00
 -14.252000, -62.287500,GOES-16,2023-11-11 16:00:00
 -14.244600, -65.408100,GOES-16,2023-11-11 16:00:00
 -14.244700, -65.389000,GOES-16,2023-11-11 16:00:00
 -14.244800, -65.369900,GOES-16,2023-11-11 16:00:00
 -14.263600, -65.407200,GOES-16,2023-11-11 16:00:00
 -14.287400, -67.612400,GOES-16,2023-11-11 16:00:00
 -14.344800, -67.591100,GOES-16,2023-11-11 16:00:00
 -14.344900, -67.572200,GOES-16,2023-11-11 16:00:00
 -14.363600, -67.628300,GOES-16,2023-11-11 16:00:00
 -14.363900, -67.571400,GOES-16,2023-11-11 16:00:00
 -14.382600, -67.646500,GOES-16,2023-11-11 16:00:00
 -14.382700, -67.627500,GOES-16,2023-11-11 16:00:00
 -14.382800, -67.608600,GOES-16,2023-11-11 16:00:00
 -14.401900, -67.607800,GOES-16,2023-11-11 16:00:00
 -14.420900, -67.626000,GOES-16,2023-11-11 16:00:00
 -14.421000, -67.607100,GOES-16,2023-11-11 16:00:00
 -14.421100, -67.588100,GOES-16,2023-11-11 16:00:00
 -14.498000, -67.490200,GOES-16,2023-11-11 16:00:00
 -14.498100, -67.471200,GOES-16,2023-11-11 16:00:00
 -14.512800, -65.279400,GOES-16,2023-11-11 16:00:00
 -14.541600, -62.014200,GOES-16,2023-11-11 16:00:00
 -14.541800, -61.994700,GOES-16,2023-11-11 16:00:00
 -14.542600, -61.916600,GOES-16,2023-11-11 16:00:00
 -14.517200, -67.470400,GOES-16,2023-11-11 16:00:00
 -14.517300, -67.451500,GOES-16,2023-11-11 16:00:00
 -14.532000, -65.278400,GOES-16,2023-11-11 16:00:00
 -14.532100, -65.259200,GOES-16,2023-11-11 16:00:00
 -14.560600, -62.032300,GOES-16,2023-11-11 16:00:00
 -14.562000, -61.895700,GOES-16,2023-11-11 16:00:00
 -14.550900, -65.296500,GOES-16,2023-11-11 16:00:00
 -14.551100, -65.277400,GOES-16,2023-11-11 16:00:00
 -14.579600, -62.050500,GOES-16,2023-11-11 16:00:00
 -14.581300, -61.874800,GOES-16,2023-11-11 16:00:00
 -14.587500, -63.215400,GOES-16,2023-11-11 16:00:00
 -14.610900, -60.893600,GOES-16,2023-11-11 16:00:00
 -14.611100, -60.873900,GOES-16,2023-11-11 16:00:00
 -14.592300, -64.891700,GOES-16,2023-11-11 16:00:00
 -14.619700, -61.872000,GOES-16,2023-11-11 16:00:00
 -14.611300, -64.909900,GOES-16,2023-11-11 16:00:00
 -14.611500, -64.890700,GOES-16,2023-11-11 16:00:00
 -14.612200, -64.794700,GOES-16,2023-11-11 16:00:00
 -14.638300, -61.929200,GOES-16,2023-11-11 16:00:00
 -14.627800, -65.254100,GOES-16,2023-11-11 16:00:00
 -14.630900, -64.851200,GOES-16,2023-11-11 16:00:00
 -14.657500, -61.927800,GOES-16,2023-11-11 16:00:00
 -14.658100, -61.869200,GOES-16,2023-11-11 16:00:00
 -14.650500, -64.792500,GOES-16,2023-11-11 16:00:00
 -14.676800, -61.906900,GOES-16,2023-11-11 16:00:00
 -14.677200, -61.867800,GOES-16,2023-11-11 16:00:00
 -14.651900, -67.313000,GOES-16,2023-11-11 16:00:00
 -14.669200, -64.849100,GOES-16,2023-11-11 16:00:00
 -14.704500, -62.994600,GOES-16,2023-11-11 16:00:00
 -14.767600, -67.156000,GOES-16,2023-11-11 16:00:00
 -14.786900, -67.136100,GOES-16,2023-11-11 16:00:00
 -14.805900, -67.154300,GOES-16,2023-11-11 16:00:00
 -14.806000, -67.135300,GOES-16,2023-11-11 16:00:00
 -14.806100, -67.116200,GOES-16,2023-11-11 16:00:00
 -14.825000, -67.153500,GOES-16,2023-11-11 16:00:00
 -14.825100, -67.134400,GOES-16,2023-11-11 16:00:00
 -14.825300, -67.115400,GOES-16,2023-11-11 16:00:00
 -14.844300, -67.133600,GOES-16,2023-11-11 16:00:00
 -14.844800, -67.057400,GOES-16,2023-11-11 16:00:00
 -14.863400, -67.132800,GOES-16,2023-11-11 16:00:00
 -14.863600, -67.113700,GOES-16,2023-11-11 16:00:00
 -14.863700, -67.094700,GOES-16,2023-11-11 16:00:00
 -14.863800, -67.075600,GOES-16,2023-11-11 16:00:00
 -14.877500, -65.144600,GOES-16,2023-11-11 16:00:00
 -14.882800, -67.093800,GOES-16,2023-11-11 16:00:00
 -14.883000, -67.074800,GOES-16,2023-11-11 16:00:00
 -14.883100, -67.055800,GOES-16,2023-11-11 16:00:00
 -14.883300, -67.017700,GOES-16,2023-11-11 16:00:00
 -14.902200, -67.054900,GOES-16,2023-11-11 16:00:00
 -14.902300, -67.035900,GOES-16,2023-11-11 16:00:00
 -14.936900, -64.910800,GOES-16,2023-11-11 16:00:00
 -14.941300, -66.938900,GOES-16,2023-11-11 16:00:00
 -14.956100, -64.909700,GOES-16,2023-11-11 16:00:00
 -14.960400, -66.938000,GOES-16,2023-11-11 16:00:00
 -14.960600, -66.918900,GOES-16,2023-11-11 16:00:00
 -14.993800, -64.984500,GOES-16,2023-11-11 16:00:00
 -14.994000, -64.965200,GOES-16,2023-11-11 16:00:00
 -14.998700, -66.955300,GOES-16,2023-11-11 16:00:00
 -15.036000, -67.106100,GOES-16,2023-11-11 16:00:00
 -15.053000, -64.788700,GOES-16,2023-11-11 16:00:00
 -15.090600, -64.882800,GOES-16,2023-11-11 16:00:00
 -15.091500, -64.767300,GOES-16,2023-11-11 16:00:00
 -15.152000, -66.967400,GOES-16,2023-11-11 16:00:00
 -15.210500, -66.831200,GOES-16,2023-11-11 16:00:00
 -15.283300, -60.918300,GOES-16,2023-11-11 16:00:00
 -15.297500, -61.369900,GOES-16,2023-11-11 16:00:00
 -15.317000, -61.348700,GOES-16,2023-11-11 16:00:00
 -15.345200, -66.786600,GOES-16,2023-11-11 16:00:00
 -15.345300, -66.767500,GOES-16,2023-11-11 16:00:00
 -15.494000, -61.039000,GOES-16,2023-11-11 16:00:00
 -15.611500, -60.891000,GOES-16,2023-11-11 16:00:00
 -15.624200, -63.301100,GOES-16,2023-11-11 16:00:00
 -15.741600, -63.137100,GOES-16,2023-11-11 16:00:00
 -15.761000, -63.135700,GOES-16,2023-11-11 16:00:00
 -15.754200, -66.114900,GOES-16,2023-11-11 16:00:00
 -15.841500, -62.817600,GOES-16,2023-11-11 16:00:00
 -15.841700, -62.798100,GOES-16,2023-11-11 16:00:00
 -15.942300, -60.724200,GOES-16,2023-11-11 16:00:00
 -15.970200, -63.471800,GOES-16,2023-11-11 16:00:00
 -16.253600, -64.191900,GOES-16,2023-11-11 16:00:00
 -16.253800, -64.172500,GOES-16,2023-11-11 16:00:00
 -16.312100, -64.149100,GOES-16,2023-11-11 16:00:00
 -16.319800, -63.369000,GOES-16,2023-11-11 16:00:00
 -16.320000, -63.349400,GOES-16,2023-11-11 16:00:00
 -16.331300, -64.167300,GOES-16,2023-11-11 16:00:00
 -16.339200, -63.367600,GOES-16,2023-11-11 16:00:00
 -16.339400, -63.348000,GOES-16,2023-11-11 16:00:00
 -16.436500, -58.577200,GOES-16,2023-11-11 16:00:00
 -16.439400, -58.374800,GOES-16,2023-11-11 16:00:00
 -16.439700, -58.354500,GOES-16,2023-11-11 16:00:00
 -16.459200, -58.352500,GOES-16,2023-11-11 16:00:00
 -16.493500, -58.672200,GOES-16,2023-11-11 16:00:00
 -16.494700, -58.591300,GOES-16,2023-11-11 16:00:00
 -16.456300, -63.300400,GOES-16,2023-11-11 16:00:00
 -16.573000, -58.562900,GOES-16,2023-11-11 16:00:00
 -16.612800, -65.217100,GOES-16,2023-11-11 16:00:00
 -16.690900, -65.173500,GOES-16,2023-11-11 16:00:00
 -16.847200, -58.493200,GOES-16,2023-11-11 16:00:00
 -16.866200, -58.531700,GOES-16,2023-11-11 16:00:00
 -16.885700, -58.529600,GOES-16,2023-11-11 16:00:00
 -16.886000, -58.509300,GOES-16,2023-11-11 16:00:00
 -16.993000, -59.225500,GOES-16,2023-11-11 16:00:00
 -17.070400, -59.278000,GOES-16,2023-11-11 16:00:00
 -17.275100, -58.669800,GOES-16,2023-11-11 16:00:00
 -17.294700, -58.667700,GOES-16,2023-11-11 16:00:00
 -19.879100, -58.256600,GOES-16,2023-11-11 16:00:00
 -20.234500, -58.624700,GOES-16,2023-11-11 16:00:00
 -20.234900, -58.603900,GOES-16,2023-11-11 16:00:00
 -20.383300, -58.190100,GOES-16,2023-11-11 16:00:00
 -20.403500, -58.187300,GOES-16,2023-11-11 16:00:00
 -22.287800, -63.782600,GOES-16,2023-11-11 16:00:00
 -23.440300, -58.019200,GOES-16,2023-11-11 16:00:00
 -23.440700, -57.997800,GOES-16,2023-11-11 16:00:00
 -23.441600, -57.954900,GOES-16,2023-11-11 16:00:00
 -23.442100, -57.933500,GOES-16,2023-11-11 16:00:00
 -23.443400, -57.869200,GOES-16,2023-11-11 16:00:00
 -23.461200, -58.015900,GOES-16,2023-11-11 16:00:00
 -23.461600, -57.994500,GOES-16,2023-11-11 16:00:00
 -23.462100, -57.973100,GOES-16,2023-11-11 16:00:00
 -23.481600, -58.034000,GOES-16,2023-11-11 16:00:00
 -23.502600, -58.030700,GOES-16,2023-11-11 16:00:00
 -25.564000, -65.731900,GOES-16,2023-11-11 16:00:00
  -5.488700, -43.658900,GOES-16,2023-11-11 16:00:00
 -15.284900, -41.899800,GOES-16,2023-11-11 16:00:00
 -17.329200, -56.493800,GOES-16,2023-11-11 16:00:00
 -17.337000, -56.037200,GOES-16,2023-11-11 16:00:00
 -17.351300, -56.346200,GOES-16,2023-11-11 16:00:00
 -17.352000, -56.304700,GOES-16,2023-11-11 16:00:00
 -17.365800, -56.654500,GOES-16,2023-11-11 16:00:00
 -17.373500, -56.198400,GOES-16,2023-11-11 16:00:00
 -19.892100, -57.527700,GOES-16,2023-11-11 16:00:00
 -19.892500, -57.506800,GOES-16,2023-11-11 16:00:00
 -19.952500, -57.519500,GOES-16,2023-11-11 16:00:00
 -20.297200, -57.388200,GOES-16,2023-11-11 16:00:00
 -20.305800, -58.013200,GOES-16,2023-11-11 16:00:00
 -20.319400, -57.280400,GOES-16,2023-11-11 16:00:00
 -20.407600, -57.957700,GOES-16,2023-11-11 16:00:00
 -20.408000, -57.936800,GOES-16,2023-11-11 16:00:00
 -20.408400, -57.915900,GOES-16,2023-11-11 16:00:00
 -20.409600, -57.853200,GOES-16,2023-11-11 16:00:00
 -20.428600, -57.913200,GOES-16,2023-11-11 16:00:00
 -20.529500, -57.920200,GOES-16,2023-11-11 16:00:00
 -20.536900, -57.522000,GOES-16,2023-11-11 16:00:00
 -20.537300, -57.501000,GOES-16,2023-11-11 16:00:00
 -20.538100, -57.459000,GOES-16,2023-11-11 16:00:00
 -20.549000, -57.959300,GOES-16,2023-11-11 16:00:00
 -20.549400, -57.938300,GOES-16,2023-11-11 16:00:00
 -20.557200, -57.519100,GOES-16,2023-11-11 16:00:00
 -20.563600, -57.182700,GOES-16,2023-11-11 16:00:00
 -20.564800, -57.119400,GOES-16,2023-11-11 16:00:00
 -20.577400, -57.516300,GOES-16,2023-11-11 16:00:00
 -20.605300, -57.113600,GOES-16,2023-11-11 16:00:00
  -1.411100, -49.336100,GOES-16,2023-11-11 16:00:00
  -1.411100, -49.314900,GOES-16,2023-11-11 16:00:00
  -1.411100, -49.293700,GOES-16,2023-11-11 16:00:00
  -1.429700, -49.250900,GOES-16,2023-11-11 16:00:00
  -1.429700, -49.229700,GOES-16,2023-11-11 16:00:00
  -1.447900, -49.378000,GOES-16,2023-11-11 16:00:00
  -1.448000, -49.335600,GOES-16,2023-11-11 16:00:00
  -1.448000, -49.314400,GOES-16,2023-11-11 16:00:00
  -1.448100, -49.250600,GOES-16,2023-11-11 16:00:00
  -1.448200, -49.229400,GOES-16,2023-11-11 16:00:00
  -8.647300, -67.121800,GOES-16,2023-11-11 16:00:00
  -8.758600, -67.026300,GOES-16,2023-11-11 16:00:00
  -9.031300, -46.121900,GOES-16,2023-11-11 16:00:00
  -9.031600, -46.099300,GOES-16,2023-11-11 16:00:00
  -9.109100, -67.313900,GOES-16,2023-11-11 16:00:00
  -9.124000, -68.313000,GOES-16,2023-11-11 16:00:00
  -9.127600, -67.313400,GOES-16,2023-11-11 16:00:00
  -9.147300, -66.997400,GOES-16,2023-11-11 16:00:00
  -9.147400, -66.978900,GOES-16,2023-11-11 16:00:00
  -9.147500, -66.960300,GOES-16,2023-11-11 16:00:00
  -9.165900, -66.978400,GOES-16,2023-11-11 16:00:00
  -9.534900, -67.432500,GOES-16,2023-11-11 16:00:00
 -10.682100, -51.175500,GOES-16,2023-11-11 16:00:00
 -10.701300, -51.152400,GOES-16,2023-11-11 16:00:00
 -10.757800, -51.167800,GOES-16,2023-11-11 16:00:00
 -11.098300, -57.456600,GOES-16,2023-11-11 16:00:00
 -11.307100, -61.275600,GOES-16,2023-11-11 16:00:00
 -11.616500, -52.068900,GOES-16,2023-11-11 16:00:00
 -11.634600, -55.041900,GOES-16,2023-11-11 16:00:00
 -11.707300, -56.910900,GOES-16,2023-11-11 16:00:00
 -13.210500, -61.659100,GOES-16,2023-11-11 16:00:00
 -11.727500, -56.789200,GOES-16,2023-11-11 16:00:00
 -11.746700, -56.767600,GOES-16,2023-11-11 16:00:00
 -11.839700, -56.900100,GOES-16,2023-11-11 16:00:00
 -11.858600, -56.898500,GOES-16,2023-11-11 16:00:00
 -11.936600, -56.691700,GOES-16,2023-11-11 16:00:00
 -11.948500, -55.683300,GOES-16,2023-11-11 16:00:00
 -11.955700, -56.670000,GOES-16,2023-11-11 16:00:00
 -11.974700, -56.668400,GOES-16,2023-11-11 16:00:00
 -12.032600, -56.563100,GOES-16,2023-11-11 16:00:00
 -12.051600, -56.561500,GOES-16,2023-11-11 16:00:00
 -12.132600, -57.753700,GOES-16,2023-11-11 16:00:00
 -12.185300, -54.929700,GOES-16,2023-11-11 16:00:00
 -12.204300, -54.927900,GOES-16,2023-11-11 16:00:00
 -12.207700, -57.807300,GOES-16,2023-11-11 16:00:00
 -12.226900, -57.785900,GOES-16,2023-11-11 16:00:00
 -12.294600, -52.478500,GOES-16,2023-11-11 16:00:00
 -12.245800, -57.784400,GOES-16,2023-11-11 16:00:00
 -12.610400, -53.029400,GOES-16,2023-11-11 16:00:00
 -12.628900, -53.069100,GOES-16,2023-11-11 16:00:00
 -12.574600, -58.887600,GOES-16,2023-11-11 16:00:00
 -12.574800, -58.867800,GOES-16,2023-11-11 16:00:00
 -12.593600, -58.886100,GOES-16,2023-11-11 16:00:00
 -12.715800, -56.522900,GOES-16,2023-11-11 16:00:00
 -13.023700, -53.463100,GOES-16,2023-11-11 16:00:00
 -12.996800, -56.859700,GOES-16,2023-11-11 16:00:00
 -12.965900, -61.442500,GOES-16,2023-11-11 16:00:00
 -13.072800, -56.872900,GOES-16,2023-11-11 16:00:00
 -13.163600, -54.359100,GOES-16,2023-11-11 16:00:00
 -13.163900, -54.338500,GOES-16,2023-11-11 16:00:00
 -13.091200, -62.247800,GOES-16,2023-11-11 16:00:00
 -13.091600, -62.209100,GOES-16,2023-11-11 16:00:00
 -13.091800, -62.189800,GOES-16,2023-11-11 16:00:00
 -13.091900, -62.170400,GOES-16,2023-11-11 16:00:00
 -13.182700, -54.357100,GOES-16,2023-11-11 16:00:00
 -13.110600, -62.207900,GOES-16,2023-11-11 16:00:00
 -13.110700, -62.188600,GOES-16,2023-11-11 16:00:00
 -13.111100, -62.149900,GOES-16,2023-11-11 16:00:00
 -13.134100, -61.703000,GOES-16,2023-11-11 16:00:00
 -13.149700, -62.070000,GOES-16,2023-11-11 16:00:00
 -13.153000, -61.721100,GOES-16,2023-11-11 16:00:00
 -13.153100, -61.701700,GOES-16,2023-11-11 16:00:00
 -13.153300, -61.682300,GOES-16,2023-11-11 16:00:00
 -13.289800, -51.111900,GOES-16,2023-11-11 16:00:00
 -13.171800, -61.739300,GOES-16,2023-11-11 16:00:00
 -13.171900, -61.719800,GOES-16,2023-11-11 16:00:00
 -13.172100, -61.700400,GOES-16,2023-11-11 16:00:00
 -13.172300, -61.681000,GOES-16,2023-11-11 16:00:00
 -13.172500, -61.661600,GOES-16,2023-11-11 16:00:00
 -13.177900, -61.097500,GOES-16,2023-11-11 16:00:00
 -13.190800, -61.738000,GOES-16,2023-11-11 16:00:00
 -13.190900, -61.718600,GOES-16,2023-11-11 16:00:00
 -13.191100, -61.699200,GOES-16,2023-11-11 16:00:00
 -13.191300, -61.679800,GOES-16,2023-11-11 16:00:00
 -13.191500, -61.660300,GOES-16,2023-11-11 16:00:00
 -13.191700, -61.640900,GOES-16,2023-11-11 16:00:00
 -13.225300, -58.438900,GOES-16,2023-11-11 16:00:00
 -13.209700, -61.736700,GOES-16,2023-11-11 16:00:00
 -13.209900, -61.717300,GOES-16,2023-11-11 16:00:00
 -13.210700, -61.639700,GOES-16,2023-11-11 16:00:00
 -13.229500, -61.657800,GOES-16,2023-11-11 16:00:00
 -13.272200, -61.168800,GOES-16,2023-11-11 16:00:00
 -13.272300, -61.149300,GOES-16,2023-11-11 16:00:00
 -13.286300, -61.673400,GOES-16,2023-11-11 16:00:00
 -13.291200, -61.167500,GOES-16,2023-11-11 16:00:00
 -13.291400, -61.148000,GOES-16,2023-11-11 16:00:00
 -13.291500, -61.128500,GOES-16,2023-11-11 16:00:00
 -13.291700, -61.109000,GOES-16,2023-11-11 16:00:00
 -13.305100, -61.691600,GOES-16,2023-11-11 16:00:00
 -13.305300, -61.672100,GOES-16,2023-11-11 16:00:00
 -13.310600, -61.127200,GOES-16,2023-11-11 16:00:00
 -13.310800, -61.107700,GOES-16,2023-11-11 16:00:00
 -13.323800, -61.729100,GOES-16,2023-11-11 16:00:00
 -13.323900, -61.709700,GOES-16,2023-11-11 16:00:00
 -13.324100, -61.690300,GOES-16,2023-11-11 16:00:00
 -13.324300, -61.670900,GOES-16,2023-11-11 16:00:00
 -13.454700, -51.581800,GOES-16,2023-11-11 16:00:00
 -13.341500, -61.863800,GOES-16,2023-11-11 16:00:00
 -13.343000, -61.708400,GOES-16,2023-11-11 16:00:00
 -13.343100, -61.689000,GOES-16,2023-11-11 16:00:00
 -13.343300, -61.669600,GOES-16,2023-11-11 16:00:00
 -13.348200, -61.163500,GOES-16,2023-11-11 16:00:00
 -13.446800, -54.596800,GOES-16,2023-11-11 16:00:00
 -13.399300, -61.782300,GOES-16,2023-11-11 16:00:00
 -13.399500, -61.762900,GOES-16,2023-11-11 16:00:00
 -13.399600, -61.743400,GOES-16,2023-11-11 16:00:00
 -13.399800, -61.724000,GOES-16,2023-11-11 16:00:00
 -13.400000, -61.704600,GOES-16,2023-11-11 16:00:00
 -13.400200, -61.685200,GOES-16,2023-11-11 16:00:00
 -13.400400, -61.665700,GOES-16,2023-11-11 16:00:00
 -13.418300, -61.781000,GOES-16,2023-11-11 16:00:00
 -13.418500, -61.761600,GOES-16,2023-11-11 16:00:00
 -13.418700, -61.742200,GOES-16,2023-11-11 16:00:00
 -13.418800, -61.722700,GOES-16,2023-11-11 16:00:00
 -13.419000, -61.703300,GOES-16,2023-11-11 16:00:00
 -13.419200, -61.683900,GOES-16,2023-11-11 16:00:00
 -13.419400, -61.664400,GOES-16,2023-11-11 16:00:00
 -13.419600, -61.645000,GOES-16,2023-11-11 16:00:00
 -13.420500, -61.547700,GOES-16,2023-11-11 16:00:00
 -13.420700, -61.528300,GOES-16,2023-11-11 16:00:00
 -13.437700, -61.740900,GOES-16,2023-11-11 16:00:00
 -13.437900, -61.721400,GOES-16,2023-11-11 16:00:00
 -13.438100, -61.702000,GOES-16,2023-11-11 16:00:00
 -13.438200, -61.682600,GOES-16,2023-11-11 16:00:00
 -13.438400, -61.663100,GOES-16,2023-11-11 16:00:00
 -13.438600, -61.643700,GOES-16,2023-11-11 16:00:00
 -13.439500, -61.546400,GOES-16,2023-11-11 16:00:00
 -13.439700, -61.527000,GOES-16,2023-11-11 16:00:00
 -13.456900, -61.720200,GOES-16,2023-11-11 16:00:00
 -13.457100, -61.700700,GOES-16,2023-11-11 16:00:00
 -13.457300, -61.681300,GOES-16,2023-11-11 16:00:00
 -13.457800, -61.623000,GOES-16,2023-11-11 16:00:00
 -13.458000, -61.603500,GOES-16,2023-11-11 16:00:00
 -13.458200, -61.584000,GOES-16,2023-11-11 16:00:00
 -13.458400, -61.564600,GOES-16,2023-11-11 16:00:00
 -13.458600, -61.545100,GOES-16,2023-11-11 16:00:00
 -13.476500, -61.660500,GOES-16,2023-11-11 16:00:00
 -13.476700, -61.641100,GOES-16,2023-11-11 16:00:00
 -13.476900, -61.621700,GOES-16,2023-11-11 16:00:00
 -13.477000, -61.602200,GOES-16,2023-11-11 16:00:00
 -13.477200, -61.582700,GOES-16,2023-11-11 16:00:00
 -13.477400, -61.563300,GOES-16,2023-11-11 16:00:00
 -13.477600, -61.543800,GOES-16,2023-11-11 16:00:00
 -13.496600, -61.542500,GOES-16,2023-11-11 16:00:00
 -13.496800, -61.523100,GOES-16,2023-11-11 16:00:00
 -13.534900, -61.520400,GOES-16,2023-11-11 16:00:00
 -13.561000, -60.816500,GOES-16,2023-11-11 16:00:00
 -13.703200, -58.318200,GOES-16,2023-11-11 16:00:00
 -13.852000, -57.122000,GOES-16,2023-11-11 16:00:00
 -13.907100, -57.298100,GOES-16,2023-11-11 16:00:00
 -13.915100, -58.179600,GOES-16,2023-11-11 16:00:00
 -13.953600, -58.156200,GOES-16,2023-11-11 16:00:00
 -14.050900, -53.928900,GOES-16,2023-11-11 16:00:00
 -14.051200, -53.908100,GOES-16,2023-11-11 16:00:00
 -14.178400, -60.180400,GOES-16,2023-11-11 16:00:00
 -14.388900, -60.183100,GOES-16,2023-11-11 16:00:00
 -14.471000, -58.148500,GOES-16,2023-11-11 16:00:00
 -14.596800, -57.351800,GOES-16,2023-11-11 16:00:00
 -15.091000, -51.748700,GOES-16,2023-11-11 16:00:00
 -15.044100, -59.969900,GOES-16,2023-11-11 16:00:00
 -15.219000, -59.835600,GOES-16,2023-11-11 16:00:00
 -15.238300, -59.833900,GOES-16,2023-11-11 16:00:00
 -15.258600, -59.752600,GOES-16,2023-11-11 16:00:00
 -15.259600, -59.673000,GOES-16,2023-11-11 16:00:00
 -15.277700, -59.770800,GOES-16,2023-11-11 16:00:00
 -15.277900, -59.750900,GOES-16,2023-11-11 16:00:00
 -15.278100, -59.731000,GOES-16,2023-11-11 16:00:00
 -15.296700, -59.789000,GOES-16,2023-11-11 16:00:00
 -15.297000, -59.769100,GOES-16,2023-11-11 16:00:00
 -15.297200, -59.749200,GOES-16,2023-11-11 16:00:00
 -15.667300, -59.496200,GOES-16,2023-11-11 16:00:00
 -15.686700, -59.494400,GOES-16,2023-11-11 16:00:00
 -15.687200, -59.454400,GOES-16,2023-11-11 16:00:00
 -15.880200, -59.496200,GOES-16,2023-11-11 16:00:00
 -15.919000, -59.492500,GOES-16,2023-11-11 16:00:00
 -15.957600, -59.508900,GOES-16,2023-11-11 16:00:00
 -16.214700, -57.770700,GOES-16,2023-11-11 16:00:00
 -16.210100, -59.484600,GOES-16,2023-11-11 16:00:00
 -16.210400, -59.464600,GOES-16,2023-11-11 16:00:00
 -16.253700, -57.766400,GOES-16,2023-11-11 16:00:00
 -16.272800, -57.784700,GOES-16,2023-11-11 16:00:00
 -16.300100, -56.021800,GOES-16,2023-11-11 16:00:00
 -16.357700, -56.076700,GOES-16,2023-11-11 16:00:00
 -16.379600, -55.929600,GOES-16,2023-11-11 16:00:00
 -16.428200, -57.808400,GOES-16,2023-11-11 16:00:00
 -16.447700, -57.806200,GOES-16,2023-11-11 16:00:00
 -16.448000, -57.785900,GOES-16,2023-11-11 16:00:00
 -16.473300, -56.165800,GOES-16,2023-11-11 16:00:00
 -16.474300, -56.103800,GOES-16,2023-11-11 16:00:00
 -16.466900, -57.824400,GOES-16,2023-11-11 16:00:00
 -16.467200, -57.804100,GOES-16,2023-11-11 16:00:00
 -16.492500, -56.184100,GOES-16,2023-11-11 16:00:00
 -16.486500, -57.822300,GOES-16,2023-11-11 16:00:00
 -16.511400, -56.223100,GOES-16,2023-11-11 16:00:00
 -16.511700, -56.202400,GOES-16,2023-11-11 16:00:00
 -16.512100, -56.181700,GOES-16,2023-11-11 16:00:00
 -16.513400, -56.099100,GOES-16,2023-11-11 16:00:00
 -16.505700, -57.840500,GOES-16,2023-11-11 16:00:00
 -16.531000, -56.220700,GOES-16,2023-11-11 16:00:00
 -16.531300, -56.200000,GOES-16,2023-11-11 16:00:00
 -16.531600, -56.179400,GOES-16,2023-11-11 16:00:00
 -16.525200, -57.838400,GOES-16,2023-11-11 16:00:00
 -16.525500, -57.818000,GOES-16,2023-11-11 16:00:00
 -16.572300, -57.303300,GOES-16,2023-11-11 16:00:00
 -16.590700, -56.151500,GOES-16,2023-11-11 16:00:00
 -16.907600, -57.100800,GOES-16,2023-11-11 16:00:00
 -17.004700, -57.150800,GOES-16,2023-11-11 16:00:00
 -17.022300, -57.271700,GOES-16,2023-11-11 16:00:00
 -17.022600, -57.251200,GOES-16,2023-11-11 16:00:00
 -17.092600, -56.564500,GOES-16,2023-11-11 16:00:00
 -17.092900, -56.543800,GOES-16,2023-11-11 16:00:00
 -17.093200, -56.523100,GOES-16,2023-11-11 16:00:00
 -17.170500, -56.596100,GOES-16,2023-11-11 16:00:00
 -17.171500, -56.534100,GOES-16,2023-11-11 16:00:00
 -17.191500, -56.511000,GOES-16,2023-11-11 16:00:00
 -17.210800, -56.529200,GOES-16,2023-11-11 16:00:00
 -17.231500, -56.464700,GOES-16,2023-11-11 16:00:00
 -17.289500, -56.519400,GOES-16,2023-11-11 16:00:00
 -17.289800, -56.498700,GOES-16,2023-11-11 16:00:00
 -17.291600, -56.395200,GOES-16,2023-11-11 16:00:00
 -17.302600, -56.909600,GOES-16,2023-11-11 16:00:00
 -17.309200, -56.517000,GOES-16,2023-11-11 16:00:00
 -17.319900, -57.051500,GOES-16,2023-11-11 16:00:00
 -17.320300, -57.030900,GOES-16,2023-11-11 16:00:00
 -17.320600, -57.010300,GOES-16,2023-11-11 16:00:00
 -17.322300, -56.907200,GOES-16,2023-11-11 16:00:00
 -17.322600, -56.886600,GOES-16,2023-11-11 16:00:00
 -17.323300, -56.845300,GOES-16,2023-11-11 16:00:00
 -17.340000, -57.028500,GOES-16,2023-11-11 16:00:00
 -17.341000, -56.966700,GOES-16,2023-11-11 16:00:00
 -17.342700, -56.863500,GOES-16,2023-11-11 16:00:00
 -17.360300, -56.984900,GOES-16,2023-11-11 16:00:00
 -17.380000, -56.982500,GOES-16,2023-11-11 16:00:00
 -17.399700, -56.980100,GOES-16,2023-11-11 16:00:00
 -17.556900, -56.981400,GOES-16,2023-11-11 16:00:00
